{
  "project_info": {
    "project_number": "575847462424",
    "project_id": "strangers-24505",
    "storage_bucket": "strangers-24505.appspot.com"
  },
  "client": [
    {
      "client_info": {
        "mobilesdk_app_id": "1:575847462424:android:955d8549e740d024c0f56d",
        "android_client_info": {
          "package_name": "com.example.strangers"
        }
      },
      "oauth_client": [],
      "api_key": [
        {
          "current_key": "AIzaSyAIsZaM1zqBd1ZM_-Vo1P3NEw60gZ5Xd7g"
        }
      ],
      "services": {
        "appinvite_service": {
          "other_platform_oauth_client": []
        }
      }
    }
  ],
  "configuration_version": "1"
}